ID,NextStageID,Map,ReviveCount,HourLoadPos,MilliLoadPos
1,2,Desert,0,-0.340000004|0.541000009|27.3500004,-0.5|0.541000009|27.3500004
2,-1,Desert,0,-0.340000004|0.541000009|27.3500004,-0.5|0.541000009|27.3500004