ID,NextStageID,Map,ReviveCount,HourLoadPos,MilliLoadPos
1,2,Desert,0,-92.4599991|58.115551|-165.27597,-89.9599991|58.115551|-165.27597
2,-1,Desert,0,-0.340000004|0.541000009|27.3500004,3.50440216|0.509081304|27.2606907