ID,NextStageID,Map,ReviveCount,HourLoadPos,MilliLoadPos
1,2,Desert,0,-45.4599991|66.115551|-230.27597,-46.9599991|66.115551|-232.27597
2,-1,Desert,0,-0.340000004|0.541000009|27.3500004,3.50440216|0.509081304|27.2606907