ID,NextStageID,Map,ReviveCount,HourLoadPos,MilliLoadPos
1,2,Test_Yuna,3,-4.94700003|0.97353971|6.51000023,-2.77477169|0.700559318|6.55999994
2,-1,Desert,0,0|0|0,0|0|0